X,Y,room_id,host_id,room_type,country,city,neighborho,address,reviews,overall_sa,accommodat,bedrooms,bathrooms,price,deleted,minstay,timestamp,latitude,longitude,survey_i
-71.093755,42.382153,46534,208115,Private room,United States,Somerville,Somerville,Boston St,394,5.000000000000000,2,1,,77,0,1,06:13.4,42.382153000000002,-71.093755000000002,2
-71.088479,42.381345,251657,814202,Private room,United States,Somerville,Somerville,Glen St,304,5.000000000000000,2,1,0.000000000000000,46,0,1,34:58.6,42.381345000000003,-71.088479000000007,2
-71.09451,42.380951,10638,37347,Private room,United States,Somerville,Somerville,Columbus Ave,302,5.000000000000000,2,1,1.000000000000000,49,0,,54:30.3,42.380951000000003,-71.094510000000000,2
-71.087549,42.383141,285356,814202,Private room,United States,Somerville,Somerville,Glen St,291,5.000000000000000,2,1,1.000000000000000,46,0,1,29:28.2,42.383141000000002,-71.087548999999996,2
-71.088221,42.382154,591318,814202,Private room,United States,Somerville,Somerville,Morton St,276,5.000000000000000,2,1,1.000000000000000,46,0,1,10:34.3,42.382154000000000,-71.088221000000004,2
-71.093342,42.382957,10906,37347,Private room,United States,Somerville,Somerville,Columbus Ave,252,5.000000000000000,1,1,1.000000000000000,35,0,3,16:12.7,42.382956999999998,-71.093342000000007,2
-71.085326,42.383474,591248,814202,Private room,United States,Somerville,Somerville,Morton St,243,5.000000000000000,2,1,1.000000000000000,48,0,1,57:01.5,42.383474000000000,-71.085325999999995,2
-71.086197,42.38152,666913,814202,Private room,United States,Somerville,Somerville,Morton St,233,5.000000000000000,1,1,1.000000000000000,35,0,1,25:46.4,42.381520000000002,-71.086196999999999,2
-71.085752,42.38339,1670635,814202,Entire home/apt,United States,Somerville,Somerville,Morton Street,179,5.000000000000000,5,2,1.000000000000000,170,0,1,07:20.1,42.383389999999999,-71.085751999999999,2
-71.093183,42.388998,7903,14169,Private room,United States,Somerville,Somerville,Marshall St,153,5.000000000000000,2,1,1.000000000000000,80,0,27,28:25.8,42.388998000000001,-71.093182999999996,2
-71.099016,42.38087,281264,1466207,Private room,United States,Somerville,Somerville,Bow St,145,4.500000000000000,3,1,1.000000000000000,120,0,2,18:03.2,42.380870000000002,-71.099016000000006,2
-71.124884,42.403043,377775,1807864,Private room,United States,Somerville,Somerville,Packard Ave,140,5.000000000000000,2,1,1.000000000000000,75,0,2,07:30.6,42.403042999999997,-71.124883999999994,2
-71.099486,42.378447,1438498,7727134,Private room,United States,Somerville,Somerville,Perry Street,117,4.500000000000000,2,1,1.500000000000000,100,0,7,12:36.2,42.378447000000001,-71.099485999999999,2
-71.107122,42.395605,298005,1536279,Entire home/apt,United States,Somerville,Somerville,Roberts St,94,4.500000000000000,2,1,1.000000000000000,95,0,2,36:07.9,42.395605000000003,-71.107122000000004,2
-71.123265,42.405058,1150301,5479387,Entire home/apt,United States,Somerville,Somerville,Gorham Street,90,5.000000000000000,4,2,1.000000000000000,190,0,1,42:33.2,42.405057999999997,-71.123265000000004,2
-71.080775,42.386161,1807294,9471685,Private room,United States,Somerville,Somerville,Perkins Street,75,4.500000000000000,2,1,1.000000000000000,70,0,2,16:29.1,42.386161000000001,-71.080775000000003,2
-71.092116,42.383408,857750,4270340,Entire home/apt,United States,Somerville,Somerville,Hamlet Street,74,4.500000000000000,,2,1.000000000000000,150,0,1,10:10.4,42.383408000000003,-71.092116000000004,2
-71.100494,42.381678,151158,727944,Entire home/apt,United States,Somerville,Somerville,Summit Ave,73,5.000000000000000,3,1,1.000000000000000,158,0,4,16:52.1,42.381678000000001,-71.100493999999998,2
-71.110644,42.388017,34452,48805,Private room,United States,Somerville,Somerville,Craigie St,68,5.000000000000000,3,1,1.500000000000000,90,0,1,30:32.8,42.388016999999998,-71.110643999999994,2
-71.094889,42.375464,1317659,1310712,Entire home/apt,United States,Somerville,Somerville,Tremont Street,67,5.000000000000000,4,2,1.500000000000000,245,0,2,06:00.5,42.375464000000001,-71.094888999999995,2
-71.089904,42.388682,1099841,342545,Entire home/apt,United States,Somerville,Somerville,Wellington Avenue,67,4.000000000000000,2,1,1.000000000000000,95,0,,55:32.5,42.388682000000003,-71.089904000000004,2
-71.099102,42.375419,1209491,9563463,Private room,United States,Somerville,Somerville,Concord Avenue,66,5.000000000000000,2,1,,99,0,1,19:43.2,42.375419000000001,-71.099102000000002,2
-71.123156,42.394097,996575,727944,Entire home/apt,United States,Cambridge,Cambridge,Chester Street,64,4.500000000000000,2,1,1.000000000000000,128,0,4,15:22.1,42.394097000000002,-71.123155999999994,2
-71.084895,42.38579,154505,742815,Shared room,United States,Somerville,Somerville,Pearl St,64,4.500000000000000,1,1,1.000000000000000,32,0,1,00:29.2,42.385790000000000,-71.084895000000003,2
-71.099038,42.376006,1209487,9563463,Private room,United States,Somerville,Somerville,Concord Avenue,62,5.000000000000000,2,1,1.000000000000000,98,0,1,46:04.9,42.376005999999997,-71.099037999999993,2
-71.124313,42.394651,3740785,19125094,Entire home/apt,United States,Somerville,Somerville,Liberty Avenue,61,4.500000000000000,3,1,1.000000000000000,145,0,1,15:20.5,42.394651000000003,-71.124313000000001,2
-71.101789,42.389946,1106468,6074846,Private room,United States,Somerville,Somerville,Willoughby Street,60,5.000000000000000,3,1,1.000000000000000,89,0,5,56:45.6,42.389946000000002,-71.101788999999997,2
-71.111038,42.38236,1066808,5869562,Entire home/apt,United States,Somerville,Somerville,Ivaloo Street,60,5.000000000000000,5,3,1.500000000000000,375,0,1,35:03.4,42.382359999999998,-71.111037999999994,2
-71.089943,42.390371,1106258,342545,Private room,United States,Somerville,Somerville,Wellington Avenue,59,4.000000000000000,2,1,2.000000000000000,80,0,3,00:46.6,42.390371000000002,-71.089943000000005,2
-71.104239,42.392351,1923945,9829509,Private room,United States,Somerville,Somerville,Central Street,58,4.500000000000000,2,1,1.000000000000000,78,0,1,38:37.2,42.392350999999998,-71.104239000000007,2
-71.121904,42.402505,1011769,5565658,Private room,United States,Somerville,Somerville,Broadway,58,4.500000000000000,2,1,1.000000000000000,79,0,,38:46.2,42.402504999999998,-71.121904000000001,2
-71.092807,42.386667,2075647,9623536,Private room,United States,Somerville,Somerville,Gilman Terrace,58,4.500000000000000,4,1,1.000000000000000,80,0,1,47:40.2,42.386667000000003,-71.092806999999993,2
-71.112473,42.39294,235397,844107,Private room,United States,Somerville,Somerville,Liberty Ave,53,5.000000000000000,2,1,2.000000000000000,100,0,1,09:29.4,42.392940000000003,-71.112472999999994,2
-71.084384,42.384933,219956,742815,Shared room,United States,Somerville,Somerville,Pearl St,52,4.500000000000000,1,1,1.000000000000000,33,0,1,26:55.2,42.384932999999997,-71.084384000000000,2
-71.093835,42.3861,78063,262183,Private room,United States,Somerville,Somerville,Walnut St,49,4.500000000000000,2,1,1.000000000000000,60,0,3,04:33.4,42.386099999999999,-71.093834999999999,2
-71.105326,42.386825,1855943,9686358,Private room,United States,Somerville,Somerville,Benton Road,48,5.000000000000000,2,1,1.500000000000000,100,0,1,15:43.9,42.386825000000002,-71.105326000000005,2
-71.104038,42.38375,1401920,2349777,Entire home/apt,United States,Somerville,Somerville,Somerville Avenue,48,4.500000000000000,2,2,1.000000000000000,125,0,1,00:05.5,42.383749999999999,-71.104038000000003,2
-71.124034,42.398855,2411250,12322626,Private room,United States,Somerville,Somerville,Winter Street,46,4.500000000000000,2,1,1.000000000000000,75,0,3,38:05.3,42.398854999999998,-71.124033999999995,2
-71.115401,42.385437,3650468,17643578,Entire home/apt,United States,Somerville,Somerville,Prentiss Street,45,5.000000000000000,4,2,2.000000000000000,150,0,2,58:07.2,42.385437000000003,-71.115401000000006,2
-71.095496,42.384453,580661,727944,Entire home/apt,United States,Somerville,Somerville,Summit Ave,45,5.000000000000000,5,2,1.500000000000000,180,0,5,59:43.3,42.384453000000001,-71.095495999999997,2
-71.127252,42.401706,3331467,2874070,Entire home/apt,United States,Somerville,Somerville,Elmwood Street,44,5.000000000000000,5,3,1.000000000000000,190,0,2,13:37.1,42.401705999999997,-71.127251999999999,2
-71.093963,42.374321,3425699,16792258,Private room,United States,Cambridge,Cambridge,Windsor St,40,4.500000000000000,3,1,1.000000000000000,82,0,1,14:51.6,42.374321000000002,-71.093963000000002,1
-71.093963,42.374321,3425699,16792258,Private room,United States,Cambridge,Cambridge,Windsor St,40,4.500000000000000,3,1,1.000000000000000,82,0,1,57:15.0,42.374321000000002,-71.093963000000002,2
-71.111879,42.397,2529495,12953121,Private room,United States,Somerville,Somerville,Albion Street,40,5.000000000000000,2,1,1.500000000000000,99,0,1,17:14.6,42.396999999999998,-71.111879000000002,2
-71.123191,42.393316,1403630,727944,Entire home/apt,United States,Somerville,Somerville,Chester Street,40,4.500000000000000,3,1,1.000000000000000,135,0,4,37:55.5,42.393315999999999,-71.123191000000006,2
-71.095642,42.392814,2074902,10605078,Private room,United States,Somerville,Somerville,Sargent Avenue,38,4.500000000000000,2,1,1.000000000000000,70,0,1,31:39.2,42.392814000000001,-71.095641999999998,2
-71.108126,42.380742,3046389,10466234,Private room,United States,Somerville,Somerville,Park Street,36,4.000000000000000,2,1,1.000000000000000,95,0,2,55:35.2,42.380741999999998,-71.108125999999999,2
-71.08154,42.38196,394462,1866924,Private room,United States,Somerville,Somerville,Mt Vernon St,36,4.000000000000000,1,1,1.000000000000000,49,0,2,37:07.1,42.381959999999999,-71.081540000000004,2
-71.08423,42.386209,222081,742815,Shared room,United States,Somerville,Somerville,Pearl St,36,4.500000000000000,1,1,1.000000000000000,34,0,1,54:20.7,42.386209000000001,-71.084230000000005,2
-71.090908,42.37631,3174762,4229008,Private room,United States,Cambridge,Somerville,Columbia Street,35,4.500000000000000,2,1,1.000000000000000,95,0,1,37:01.3,42.376309999999997,-71.090907999999999,2
-71.094005,42.395439,1814404,9503728,Entire home/apt,United States,Somerville,Somerville,Moreland Street,35,4.500000000000000,,3,1.000000000000000,225,0,1,08:33.8,42.395439000000003,-71.094004999999996,2
-71.100159,42.387209,3249504,817188,Private room,United States,Somerville,Somerville,Oxford Street,34,4.500000000000000,2,1,1.000000000000000,70,0,2,47:50.5,42.387208999999999,-71.100159000000005,2
-71.124091,42.398897,4081272,15128917,Entire home/apt,United States,Somerville,Somerville,Jay Street,34,5.000000000000000,4,2,1.000000000000000,225,0,2,07:38.6,42.398896999999998,-71.124091000000007,2
-71.106978,42.388373,1702805,8989779,Private room,United States,Somerville,Somerville,Spring Hill Terrace,33,5.000000000000000,2,1,2.000000000000000,90,0,2,30:59.1,42.388373000000001,-71.106977999999998,2
-71.122909,42.402875,1712936,9034440,Private room,United States,Somerville,Somerville,Billingham Street,33,5.000000000000000,2,1,1.000000000000000,84,0,3,42:33.3,42.402875000000002,-71.122909000000007,2
-71.098706,42.375207,4250289,21420925,Private room,United States,Cambridge,Cambridge,Oak Street,32,5.000000000000000,2,1,1.000000000000000,100,0,2,05:29.0,42.375207000000003,-71.098706000000007,1
-71.098706,42.375207,4250289,21420925,Private room,United States,Cambridge,Cambridge,Oak Street,32,5.000000000000000,2,1,1.000000000000000,100,0,2,11:27.1,42.375207000000003,-71.098706000000007,2
-71.116116,42.399566,2606519,5099324,Private room,United States,Somerville,Somerville,Bay State Avenue,32,4.500000000000000,2,1,1.000000000000000,50,0,2,43:45.6,42.399566000000000,-71.116116000000005,2
-71.082982,42.384088,5525432,15154687,Private room,United States,Somerville,Somerville,Myrtle Street,31,4.500000000000000,2,1,2.000000000000000,65,0,1,40:10.8,42.384087999999998,-71.082982000000001,2
-71.092013,42.389107,984992,342545,Private room,United States,Somerville,Somerville,Wellington Avenue,31,4.500000000000000,2,1,2.000000000000000,75,0,2,33:33.9,42.389107000000003,-71.092012999999994,2
-71.106655,42.394222,969177,2870684,Entire home/apt,United States,Somerville,Somerville,Murdock Street,31,4.500000000000000,4,1,1.000000000000000,165,0,2,24:42.2,42.394221999999999,-71.106655000000003,2
-71.092768,42.392661,5184109,22455857,Shared room,United States,Somerville,Somerville,Marshall Street,31,5.000000000000000,1,1,1.000000000000000,40,0,1,18:00.9,42.392660999999997,-71.092768000000007,2
-71.098773,42.375382,4358924,21420925,Private room,United States,Cambridge,"Oak St, Cambridg",Oak St,30,5.000000000000000,2,1,1.000000000000000,100,0,2,46:26.1,42.375382000000002,-71.098772999999994,1
-71.098773,42.375382,4358924,21420925,Private room,United States,Cambridge,"Oak St, Cambridg",Oak St,30,5.000000000000000,2,1,1.000000000000000,100,0,2,57:36.5,42.375382000000002,-71.098772999999994,2
-71.091983,42.388032,143775,262183,Private room,United States,Somerville,Somerville,Walnut St,30,5.000000000000000,1,1,1.000000000000000,55,0,3,43:34.5,42.388032000000003,-71.091982999999999,2
-71.082859,42.382997,5525556,15154687,Private room,United States,Somerville,Somerville,Myrtle Street,29,4.500000000000000,2,1,2.000000000000000,65,0,1,23:10.8,42.382997000000003,-71.082858999999999,2
-71.103892,42.376665,4051199,13637412,Private room,United States,Somerville,Somerville,Calvin Street,29,4.500000000000000,2,1,1.000000000000000,78,0,1,45:24.5,42.376665000000003,-71.103892000000002,2
-71.088337,42.385251,4517702,1283215,Private room,United States,Somerville,Somerville,R Rush St,28,4.500000000000000,3,1,1.500000000000000,75,0,,49:29.5,42.385250999999997,-71.088336999999996,2
-71.110816,42.387774,3874045,1781788,Private room,United States,Somerville,"Craigie Street, Somervill",Craigie Street,28,5.000000000000000,2,1,1.000000000000000,84,0,,22:40.6,42.387774000000000,-71.110816000000000,2
-71.084886,42.38442,4510711,15154687,Private room,United States,Somerville,Somerville,Myrtle Street,28,4.500000000000000,2,1,1.500000000000000,65,0,1,27:21.3,42.384419999999999,-71.084885999999997,2
-71.11544,42.39046,4151933,7291625,Entire home/apt,United States,Somerville,Somerville,Hancock Street,28,5.000000000000000,,3,1.500000000000000,200,0,2,16:38.3,42.390459999999997,-71.115440000000007,2
-71.091464,42.391213,3912738,3116404,Private room,United States,Somerville,Somerville,Sargent Avenue,27,4.500000000000000,2,1,1.000000000000000,89,0,1,53:28.1,42.391213000000000,-71.091464000000002,2
-71.105016,42.38108,431549,2033237,Private room,United States,Somerville,Somerville,Nevada Ave,26,5.000000000000000,2,1,1.000000000000000,89,0,2,52:19.1,42.381079999999997,-71.105016000000006,2
-71.084244,42.384296,5446995,15154687,Private room,United States,Somerville,Somerville,Myrtle Street,26,4.500000000000000,2,1,1.500000000000000,65,0,1,57:10.1,42.384295999999999,-71.084243999999998,2
-71.119717,42.40104,720486,1350988,Private room,United States,Somerville,Somerville,Broadway,26,5.000000000000000,2,1,1.000000000000000,75,0,2,38:32.6,42.401040000000002,-71.119716999999994,2
-71.083976,42.383271,4532631,15154687,Private room,United States,Somerville,Somerville,Myrtle Street,26,4.500000000000000,2,1,1.500000000000000,65,0,1,30:00.3,42.383271000000001,-71.083976000000007,2
-71.083826,42.384393,5525486,15154687,Private room,United States,Somerville,Somerville,Myrtle Street,25,4.500000000000000,1,1,2.000000000000000,55,0,1,50:11.7,42.384393000000003,-71.083826000000002,2
-71.082886,42.38314,5525121,15154687,Private room,United States,Somerville,Somerville,Myrtle Street,25,4.500000000000000,2,1,2.000000000000000,65,0,1,37:00.6,42.383139999999997,-71.082886000000002,2
-71.090908,42.38527,4653521,10796266,Private room,United States,Somerville,Somerville,Aldrich Street,25,4.500000000000000,2,1,1.500000000000000,110,0,2,12:56.3,42.385269999999998,-71.090907999999999,2
-71.120155,42.396879,3996995,7051490,Entire home/apt,United States,Somerville,Somerville,Highland Avenue,25,4.500000000000000,4,1,1.000000000000000,125,0,2,28:17.4,42.396878999999998,-71.120154999999997,2
-71.12847,42.400616,4183282,17823057,Entire home/apt,United States,Somerville,Somerville,Moore Street,25,4.500000000000000,2,1,1.000000000000000,105,0,2,00:50.7,42.400615999999999,-71.128469999999993,2
-71.114085,42.393503,3224544,16324777,Entire home/apt,United States,Somerville,Somerville,Highland Avenue,25,5.000000000000000,4,2,1.000000000000000,175,0,1,31:58.7,42.393503000000003,-71.114085000000003,2
-71.111132,42.386492,4404809,22866003,Private room,United States,Somerville,Somerville,Ibbetson Street,24,4.500000000000000,2,1,2.000000000000000,89,0,1,15:31.6,42.386491999999997,-71.111131999999998,2
-71.097629,42.3776,4279231,9563463,Private room,United States,Somerville,Somerville,Concord Avenue,24,5.000000000000000,2,1,0.500000000000000,99,0,1,52:03.1,42.377600000000001,-71.097628999999998,2
-71.101014,42.384773,697705,3575072,Entire home/apt,United States,Somerville,Somerville,Bow St,24,5.000000000000000,5,2,1.000000000000000,250,0,2,08:42.9,42.384773000000003,-71.101014000000006,2
-71.12713,42.398485,46772,88406,Private room,United States,Somerville,Somerville,Gorham St,23,5.000000000000000,1,1,,80,0,1,29:24.1,42.398485000000001,-71.127129999999994,2
-71.106468,42.381313,584605,2771437,Entire home/apt,United States,Somerville,Somerville,Hanson St,23,4.500000000000000,2,1,1.000000000000000,80,0,2,59:23.1,42.381312999999999,-71.106468000000007,2
-71.095448,42.381439,1598621,8522669,Private room,United States,Somerville,Somerville,Walnut Street,22,4.500000000000000,2,1,1.000000000000000,95,0,2,06:11.3,42.381439000000000,-71.095448000000005,2
-71.119664,42.399314,885677,4695018,Private room,United States,Somerville,Somerville,Kenwood Street,21,4.000000000000000,2,1,1.000000000000000,48,0,2,17:45.2,42.399313999999997,-71.119664000000000,2
-71.124879,42.39595,671487,2244099,Entire home/apt,United States,Somerville,Somerville,Orchard Street,21,5.000000000000000,,5,3.000000000000000,600,0,2,28:48.6,42.395949999999999,-71.124879000000007,2
-71.084353,42.389418,863251,4292091,Entire home/apt,United States,Somerville,Somerville,Michigan Avenue,21,4.000000000000000,,3,1.000000000000000,295,0,3,05:20.7,42.389417999999999,-71.084352999999993,2
-71.129319,42.411408,3780046,16681075,Entire home/apt,United States,Somerville,Somerville,North Street,20,5.000000000000000,4,2,1.000000000000000,205,0,2,45:24.5,42.411408000000002,-71.129318999999995,2
-71.10007,42.380513,3585777,15937815,Private room,United States,Somerville,Somerville,Bow Street,19,5.000000000000000,1,1,1.000000000000000,55,0,1,53:19.5,42.380513000000001,-71.100070000000002,2
-71.081226,42.381757,5757612,29860335,Entire home/apt,United States,Somerville,Somerville,Crescent Street,19,5.000000000000000,3,2,1.000000000000000,130,0,1,10:09.4,42.381757000000000,-71.081226000000001,2
-71.118771,42.39601,4041681,248693,Private room,United States,Somerville,Somerville,Highland Avenue,18,5.000000000000000,2,1,1.000000000000000,100,0,2,37:59.5,42.396009999999997,-71.118770999999995,2
-71.121961,42.402975,5278225,20517263,Private room,United States,Somerville,Somerville,Powder House Boulevard,18,4.500000000000000,2,1,1.000000000000000,65,0,1,06:19.4,42.402974999999998,-71.121960999999999,2
-71.101915,42.383301,1574583,7918311,Entire home/apt,United States,Somerville,Somerville,Quincy Str,18,4.000000000000000,3,1,1.000000000000000,125,0,2,35:11.0,42.383301000000003,-71.101915000000005,2
-71.084671,42.381696,5550670,19246369,Private room,United States,Somerville,Somerville,Franklin Avenue,17,3.500000000000000,1,1,1.000000000000000,39,0,2,47:29.9,42.381695999999998,-71.084671000000000,2
-71.084015,42.383276,5761461,29514895,Private room,United States,Somerville,Somerville,Flint Street,17,5.000000000000000,2,1,1.000000000000000,110,0,2,02:49.8,42.383276000000002,-71.084014999999994,2
-71.119169,42.393977,2716577,3631249,Private room,United States,Somerville,"Cutter Avenue, Somervill",Cutter Avenue,17,5.000000000000000,1,1,1.000000000000000,139,0,1,18:19.7,42.393977000000000,-71.119168999999999,2
-71.103168,42.396708,2358105,7918311,Entire home/apt,United States,Medford,Medford,Shapley Av,17,4.500000000000000,,3,1.000000000000000,195,0,,08:01.8,42.396707999999997,-71.103167999999997,2
-71.104684,42.396946,2811139,7918311,Entire home/apt,United States,Medford,Medford,Shapley Avenue,17,4.500000000000000,,3,1.000000000000000,199,0,2,49:05.0,42.396946000000000,-71.104684000000006,2
-71.118354,42.39803,4704480,14419148,Entire home/apt,United States,Somerville,Somerville,Summit Street,17,5.000000000000000,4,1,1.000000000000000,200,0,2,41:39.4,42.398029999999999,-71.118353999999997,2
-71.084071,42.384362,4611164,19656287,Entire home/apt,United States,Somerville,Somerville,Webster Street,17,4.500000000000000,5,3,1.500000000000000,220,0,1,40:24.1,42.384362000000003,-71.084070999999994,2
-71.10163,42.387732,4461382,21647970,Entire home/apt,United States,Somerville,Somerville,Oxford Street,17,4.500000000000000,,2,1.000000000000000,199,0,1,37:28.2,42.387732000000000,-71.101630000000000,2
-71.102399,42.387561,3309912,817188,Private room,United States,Somerville,Somerville,Oxford Street,16,4.500000000000000,2,1,1.000000000000000,70,0,2,14:22.2,42.387560999999998,-71.102399000000005,2
-71.107038,42.37885,3133359,15911168,Private room,United States,Somerville,Somerville,Dimick Street,16,5.000000000000000,2,1,1.000000000000000,115,0,1,44:35.1,42.378850000000000,-71.107038000000003,2
-71.120218,42.396149,1048902,2597622,Private room,United States,Somerville,Somerville,Grove Street,16,4.500000000000000,2,1,1.000000000000000,75,0,1,36:31.1,42.396149000000001,-71.120217999999994,2
-71.096896,42.385104,2634638,6238225,Entire home/apt,United States,Somerville,Somerville,Lee Street,16,4.500000000000000,3,1,1.000000000000000,100,0,2,43:07.1,42.385103999999998,-71.096896000000001,2
-71.093505,42.391061,2130810,3868104,Entire home/apt,United States,Somerville,Somerville,Marshall Street,16,5.000000000000000,,3,2.000000000000000,300,0,2,34:26.6,42.391061000000001,-71.093504999999993,2
-71.101626,42.375574,25316,104880,Private room,United States,Somerville,Somerville,Wyatt St,15,5.000000000000000,1,1,2.000000000000000,65,0,2,16:41.3,42.375574000000000,-71.101625999999996,2
-71.098586,42.37581,4266608,21420925,Private room,United States,Cambridge,Somerville,Oak St,15,5.000000000000000,2,1,1.000000000000000,100,0,2,59:05.4,42.375810000000001,-71.098585999999997,2
-71.091744,42.378578,4948935,25506268,Private room,United States,Somerville,Somerville,Linden Street,15,5.000000000000000,2,1,1.000000000000000,85,0,3,43:33.2,42.378577999999997,-71.091744000000006,2
-71.0921,42.392429,1347262,7309697,Private room,United States,Somerville,Somerville,Hanson Street,15,4.500000000000000,1,1,1.000000000000000,78,0,2,21:10.8,42.392429000000000,-71.092100000000002,2
-71.115291,42.397013,4103034,1681460,Private room,United States,Somerville,Somerville,Willow Avenue,15,4.500000000000000,2,1,1.500000000000000,95,0,1,56:51.5,42.397013000000001,-71.115290999999999,2
-71.08804,42.392476,5979913,15154687,Private room,United States,Somerville,"Myrtle St, Somervill",Myrtle St,15,4.500000000000000,2,1,1.500000000000000,65,0,1,16:22.3,42.392476000000002,-71.088040000000007,2
-71.09428,42.384754,4816303,10231065,Entire home/apt,United States,Somerville,Somerville,Hamlet Street,15,5.000000000000000,2,0,1.000000000000000,155,0,1,19:41.0,42.384754000000001,-71.094279999999998,2
-71.105845,42.396474,2676037,7918311,Entire home/apt,United States,Medford,Somerville,Shapley Ave,15,5.000000000000000,,3,1.000000000000000,195,0,,33:53.9,42.396473999999998,-71.105845000000002,2
-71.10291,42.386222,4764965,21647970,Entire home/apt,United States,Somerville,Somerville,Oxford Street,15,5.000000000000000,5,2,1.000000000000000,249,0,1,15:55.9,42.386221999999997,-71.102909999999994,2
-71.115411,42.386061,1130655,6203069,Private room,United States,Cambridge,Cambridge,Forest Street,14,5.000000000000000,1,1,1.000000000000000,150,0,2,57:47.9,42.386060999999998,-71.115410999999995,1
-71.125734,42.396513,4170593,639972,Private room,United States,Cambridge,Cambridge,Meacham Road,14,5.000000000000000,2,1,1.000000000000000,129,0,1,02:34.0,42.396512999999999,-71.125733999999994,2
-71.115411,42.386061,1130655,6203069,Private room,United States,Cambridge,Cambridge,Forest Street,14,5.000000000000000,1,1,1.000000000000000,150,0,2,40:55.2,42.386060999999998,-71.115410999999995,2
-71.113583,42.386076,4184365,48805,Private room,United States,Cambridge,Cambridg,Cambridg,14,4.500000000000000,3,1,1.500000000000000,90,0,1,42:34.5,42.386076000000003,-71.113583000000006,2
-71.100761,42.378322,2625993,5548596,Entire home/apt,United States,Somerville,Somerville,Perry Street,14,4.500000000000000,3,1,1.000000000000000,120,0,3,28:22.8,42.378321999999997,-71.100761000000006,2
-71.11154,42.389,5470020,26550996,Private room,United States,Somerville,Somerville,Linden Avenue,13,5.000000000000000,2,1,1.000000000000000,115,0,,46:26.7,42.389000000000003,-71.111540000000005,2
-71.107037,42.380453,3112443,3538625,Private room,United States,Somerville,Somerville,Park Street,13,4.500000000000000,2,1,1.000000000000000,80,0,2,05:44.2,42.380453000000003,-71.107037000000005,2
-71.090777,42.375532,3331928,16821092,Private room,United States,Cambridge,Somerville,Willow Street,13,4.000000000000000,2,1,1.000000000000000,120,0,2,21:30.5,42.375532000000000,-71.090777000000003,2
-71.084773,42.388398,2131719,230864,Entire home/apt,United States,Somerville,Somerville,Cross Street East,13,4.500000000000000,4,2,1.000000000000000,69,0,1,25:16.5,42.388398000000002,-71.084772999999998,2
-71.104607,42.376664,3963227,15911168,Entire home/apt,United States,Somerville,"Dimick Street, Somervill",Dimick Street,13,4.500000000000000,4,1,1.000000000000000,245,0,1,11:05.1,42.376663999999998,-71.104607000000001,2
-71.132652,42.404043,3913103,17925722,Private room,United States,Somerville,"Victoria Street, Somervill",Victoria Street,12,4.500000000000000,2,1,1.000000000000000,75,0,2,59:08.8,42.404043000000001,-71.132651999999993,2
-71.095072,42.377253,3414591,7783579,Private room,United States,Somerville,Somerville,Linden Street,12,5.000000000000000,2,1,1.000000000000000,125,0,3,40:22.0,42.377253000000003,-71.095072000000002,2
-71.099344,42.3904,4065967,20021765,Private room,United States,Somerville,Somerville,Sycamore Street,12,5.000000000000000,2,1,1.500000000000000,70,0,3,15:00.0,42.390400000000000,-71.099344000000002,2
-71.098811,42.377373,2397021,272774,Entire home/apt,United States,Somerville,Somerville,Springfield Street,12,5.000000000000000,2,1,1.000000000000000,150,0,2,55:01.4,42.377372999999999,-71.098810999999998,2
-71.103371,42.375068,454369,1248341,Private room,United States,Cambridge,Cambridge,Fayette Street,11,5.000000000000000,1,1,1.000000000000000,140,0,1,07:03.6,42.375067999999999,-71.103370999999996,1
-71.103371,42.375068,454369,1248341,Private room,United States,Cambridge,Cambridge,Fayette Street,11,5.000000000000000,1,1,1.000000000000000,140,0,1,35:12.0,42.375067999999999,-71.103370999999996,2
-71.094557,42.380676,5880498,9513608,Private room,United States,Somerville,Somerville,Homer Square,11,4.500000000000000,2,1,1.000000000000000,85,0,2,57:02.9,42.380676000000001,-71.094556999999995,2
-71.11788,42.400681,1175229,4695018,Private room,United States,Somerville,Somerville,Kenwood Street,11,4.000000000000000,2,1,1.000000000000000,58,0,2,10:03.3,42.400680999999999,-71.117880000000000,2
-71.103227,42.374768,1132226,1248341,Entire home/apt,United States,Cambridge,Cambridge,Fayette Street,11,4.500000000000000,,2,1.000000000000000,200,0,5,56:32.8,42.374768000000003,-71.103227000000004,2
-71.112603,42.39829,1798834,290132,Entire home/apt,United States,Somerville,Somerville,Highland Road,11,4.500000000000000,2,1,1.000000000000000,175,0,2,51:37.3,42.398290000000003,-71.112602999999993,2
-71.096931,42.396221,2659303,13522264,Entire home/apt,United States,Somerville,Somerville,Central Street,11,5.000000000000000,4,2,1.500000000000000,275,0,2,27:41.9,42.396220999999997,-71.096930999999998,2
-71.082673,42.389227,2295333,4292091,Entire home/apt,United States,Somerville,Somerville,Michigan Avenue,11,5.000000000000000,,3,1.000000000000000,295,0,2,13:22.4,42.389226999999998,-71.082673000000000,2
-71.097265,42.379469,4448403,17819011,Shared room,United States,Somerville,Somerville,Webster Avenue,11,5.000000000000000,2,1,1.000000000000000,80,0,,56:25.5,42.379469000000000,-71.097264999999993,2
-71.099181,42.380409,2737669,5319990,Private room,United States,Somerville,Somerville,Laurel Street,10,4.500000000000000,2,1,1.000000000000000,79,0,2,49:20.2,42.380409000000000,-71.099181000000002,2
-71.097515,42.385726,4198556,1866315,Private room,United States,Somerville,Somerville,Prescott Street,10,4.500000000000000,1,1,1.000000000000000,75,0,1,41:52.9,42.385725999999998,-71.097515000000001,2
-71.107054,42.389336,1377755,7463444,Private room,United States,Somerville,Somerville,Highland Avenue,10,4.500000000000000,2,1,1.500000000000000,85,0,2,14:04.2,42.389336000000000,-71.107054000000005,2
-71.095811,42.393458,5760761,19193134,Private room,United States,Somerville,"School St, Somervill",School St,10,4.500000000000000,2,1,1.000000000000000,65,0,1,59:14.5,42.393458000000003,-71.095810999999998,2
-71.092081,42.381733,3888984,20118454,Entire home/apt,United States,Somerville,"Munroe Street, Somervill",Munroe Street,10,4.500000000000000,4,2,2.000000000000000,170,0,7,12:21.1,42.381732999999997,-71.092080999999993,2
-71.124393,42.396752,4606978,23871496,Private room,United States,Somerville,Somerville,Dover Street,9,4.500000000000000,2,1,1.000000000000000,89,0,2,34:31.1,42.396751999999999,-71.124392999999998,2
-71.112683,42.38542,4054229,2063272,Private room,United States,Somerville,Somerville,Ibbetson Street,9,4.500000000000000,,1,2.000000000000000,340,0,1,25:09.2,42.385420000000003,-71.112683000000004,2
-71.116202,42.393183,2093770,10682786,Private room,United States,Somerville,Somerville,Hancock Street,9,4.500000000000000,2,1,1.000000000000000,90,0,1,16:23.2,42.393183000000001,-71.116202000000001,2
-71.11493,42.393784,2034063,10441289,Private room,United States,Somerville,Somerville,Charnwood Rd,9,5.000000000000000,2,1,1.500000000000000,95,0,10,17:22.4,42.393783999999997,-71.114930000000001,2
-71.117299,42.398475,5927414,1306995,Entire home/apt,United States,Somerville,Somerville,Winslow Avenue,9,5.000000000000000,5,2,2.000000000000000,265,0,2,29:12.1,42.398474999999998,-71.117299000000003,2
-71.096628,42.382411,4753588,8522669,Entire home/apt,United States,Somerville,Somerville,Walnut Street,9,4.500000000000000,4,2,1.000000000000000,275,0,2,01:22.5,42.382410999999998,-71.096627999999995,2
-71.104202,42.385177,4708340,7454001,Entire home/apt,United States,Somerville,Somerville,Laurel Street,9,4.500000000000000,4,1,1.000000000000000,115,0,2,17:05.1,42.385176999999999,-71.104202000000001,2
-71.085365,42.382347,3962875,19246369,Private room,United States,Somerville,Somerville,Franklin Avenue,8,4.000000000000000,1,1,1.000000000000000,49,0,2,25:39.3,42.382347000000003,-71.085364999999996,2
-71.115801,42.396654,4861890,24490424,Private room,United States,Somerville,Somerville,Morrison Avenue,8,4.500000000000000,1,1,1.000000000000000,85,0,3,29:36.4,42.396653999999998,-71.115801000000005,2
-71.090375,42.381493,4128784,21418483,Private room,United States,Somerville,Somerville,Boston Street,8,5.000000000000000,2,1,1.000000000000000,150,0,1,56:02.5,42.381492999999999,-71.090374999999995,2
-71.114217,42.391692,2851510,10682786,Private room,United States,Somerville,Somerville,Hancock Street,8,5.000000000000000,2,1,1.000000000000000,100,0,1,17:18.3,42.391691999999999,-71.114216999999996,2
-71.101939,42.378578,6490681,11187487,Private room,United States,Somerville,Somerville,Washington Street,8,4.500000000000000,2,1,1.000000000000000,70,0,1,14:10.0,42.378577999999997,-71.101939000000002,2
-71.09476,42.374423,165081,787254,Entire home/apt,United States,Somerville,Somerville,Webster Ave,8,4.500000000000000,2,1,1.000000000000000,110,0,15,16:12.2,42.374423000000000,-71.094759999999994,2
-71.095239,42.382354,2975163,3406230,Entire home/apt,United States,Somerville,"Summit Avenue, Somervill",Summit Avenue,8,4.500000000000000,,3,1.000000000000000,350,0,3,03:47.4,42.382353999999999,-71.095239000000007,2
-71.114856,42.388038,1279548,6962693,Entire home/apt,United States,Somerville,Somerville,Mossland Street,8,5.000000000000000,2,1,1.000000000000000,100,0,7,34:48.6,42.388038000000002,-71.114856000000003,2
-71.089596,42.382701,2875534,9575352,Private room,United States,Somerville,Somerville,McGrath Highway,7,4.500000000000000,1,1,1.000000000000000,65,0,3,39:20.4,42.382700999999997,-71.089596000000000,2
-71.089,42.395706,5717281,1030110,Private room,United States,Somerville,Somerville,Bailey Road,7,5.000000000000000,2,1,1.000000000000000,100,0,1,32:56.2,42.395705999999997,-71.088999999999999,2
-71.119563,42.401454,1167649,4695018,Private room,United States,Somerville,Somerville,Kenwood Street,7,4.500000000000000,2,1,,58,0,3,58:08.7,42.401454000000001,-71.119562999999999,2
-71.102978,42.386995,4474877,21647970,Private room,United States,Somerville,Somerville,Oxford Street,7,5.000000000000000,3,1,1.000000000000000,179,0,4,22:56.0,42.386994999999999,-71.102977999999993,2
-71.106362,42.378382,5890930,30591312,Private room,United States,Somerville,Somerville,Durham Street,7,5.000000000000000,4,1,1.000000000000000,91,0,1,57:53.9,42.378382000000002,-71.106362000000004,2
-71.129947,42.400058,1579165,7918311,Entire home/apt,United States,Cambridge,Cambridge,Mass Ave,7,4.500000000000000,2,0,1.000000000000000,135,0,,25:30.2,42.400058000000001,-71.129947000000001,2
-71.114645,42.387561,3198569,1318091,Entire home/apt,United States,Somerville,Somerville,Linden Avenue,7,5.000000000000000,4,1,1.000000000000000,200,0,1,20:21.9,42.387560999999998,-71.114644999999996,2
-71.099531,42.383442,6044371,11454809,Entire home/apt,United States,Somerville,Somerville,Prescott Street,7,4.500000000000000,,2,1.000000000000000,295,0,1,27:07.0,42.383442000000002,-71.099530999999999,2
-71.10221,42.386179,4738540,21647970,Entire home/apt,United States,Somerville,Somerville,Oxford Street,7,5.000000000000000,,3,1.000000000000000,199,0,2,37:25.1,42.386178999999998,-71.102209999999999,2
-71.102385,42.388117,4464226,21647970,Entire home/apt,United States,Somerville,Somerville,Oxford Street,7,5.000000000000000,3,1,1.000000000000000,119,0,1,35:29.4,42.388117000000001,-71.102384999999998,2
-71.112144,42.3845,4767099,2063272,Shared room,United States,Somerville,Somerville,Ibbetson Street,7,5.000000000000000,1,1,1.000000000000000,42,0,2,32:11.7,42.384500000000003,-71.112144000000001,2
-71.103747,42.377131,6582554,34433369,Private room,United States,Somerville,Somerville,Beacon Street,6,4.000000000000000,1,1,1.000000000000000,70,0,1,32:19.3,42.377130999999999,-71.103746999999998,2
-71.113921,42.399733,5087076,18102693,Private room,United States,Somerville,"College Ave, Somervill",College Ave,6,4.500000000000000,2,1,1.000000000000000,55,0,1,09:35.1,42.399732999999998,-71.113921000000005,2
-71.097209,42.378733,4334237,17819011,Private room,United States,Somerville,Somerville,Webster Avenue,6,3.500000000000000,2,1,1.000000000000000,85,0,2,25:21.1,42.378732999999997,-71.097209000000007,2
-71.12571,42.404266,3921585,1251818,Private room,United States,Somerville,Somerville,Electric Avenue,6,4.500000000000000,2,1,1.000000000000000,95,0,1,13:30.7,42.404266000000000,-71.125709999999998,2
-71.099128,42.374924,5690933,16903186,Private room,United States,Somerville,Somerville,Oak Street,6,4.500000000000000,4,1,1.000000000000000,125,0,1,02:03.4,42.374924000000000,-71.099127999999993,2
-71.105392,42.393482,5012186,16661920,Private room,United States,Somerville,Somerville,Partridge Avenue,6,5.000000000000000,2,1,1.000000000000000,60,0,3,25:28.6,42.393481999999999,-71.105391999999995,2
-71.087771,42.38241,4902165,25233554,Private room,United States,Somerville,Somerville,Glen Street,6,4.500000000000000,2,1,1.000000000000000,65,0,1,11:45.0,42.382410000000000,-71.087771000000004,2
-71.104551,42.376442,3264389,999992,Entire home/apt,United States,Cambridge,Cambridge,Cambridge Street,6,5.000000000000000,2,1,1.000000000000000,225,0,2,57:15.5,42.376441999999997,-71.104551000000001,2
-71.113954,42.399579,2815509,1388672,Entire home/apt,United States,Somerville,Somerville,Josephine Avenue,6,4.500000000000000,3,1,1.000000000000000,100,0,2,12:15.5,42.399579000000003,-71.113954000000007,2
-71.1218,42.396219,4060676,4191867,Entire home/apt,United States,Somerville,Somerville,Davis Square,6,5.000000000000000,3,1,1.000000000000000,120,0,1,17:37.7,42.396219000000002,-71.121799999999993,2
-71.097135,42.380394,6323875,8351019,Entire home/apt,United States,Somerville,"Bow St, Somervill",Bow St,6,4.500000000000000,4,2,1.000000000000000,269,0,2,53:40.4,42.380394000000003,-71.097134999999994,2
-71.124276,42.397673,2964781,26500,Entire home/apt,United States,Somerville,Somerville,Park Avenue,6,5.000000000000000,5,1,1.000000000000000,325,0,1,11:24.3,42.397672999999998,-71.124275999999995,2
-71.116534,42.39845,3488817,7746771,Entire home/apt,United States,Somerville,"Hall Avenue, Somervill",Hall Avenue,6,5.000000000000000,,2,1.000000000000000,200,0,2,57:46.4,42.398449999999997,-71.116534000000001,2
-71.094396,42.381456,712116,3665470,Entire home/apt,United States,Somerville,Somerville,Warren Ave,6,5.000000000000000,4,,1.000000000000000,130,0,1,55:01.3,42.381456000000000,-71.094396000000003,2
-71.100278,42.377288,6181555,32062825,Entire home/apt,United States,Somerville,Somerville,Wyatt Street,6,5.000000000000000,4,1,1.000000000000000,175,0,2,39:48.9,42.377288000000000,-71.100278000000003,2
-71.093796,42.375372,1741391,7783684,Entire home/apt,United States,Somerville,Somerville,Webster Avenue,6,5.000000000000000,3,1,1.000000000000000,200,0,1,42:53.5,42.375371999999999,-71.093795999999998,2
-71.0846,42.384633,4514653,15154687,Private room,United States,Somerville,Somerville,Myrtle Street,5,4.500000000000000,2,1,1.500000000000000,65,0,1,52:11.5,42.384633000000001,-71.084599999999995,2
-71.105302,42.381195,3192042,3176,Private room,United States,Somerville,Somerville,Nevada Avenue,5,4.500000000000000,1,1,1.000000000000000,200,0,7,33:42.4,42.381194999999998,-71.105301999999995,2
-71.084532,42.382519,6092951,19246369,Private room,United States,Somerville,Somerville,Franklin Street,5,4.500000000000000,1,1,1.000000000000000,49,0,2,37:10.1,42.382519000000002,-71.084531999999996,2
-71.11769,42.40204,6180043,1171240,Private room,United States,Somerville,Somerville,Walker Street,5,5.000000000000000,2,1,1.500000000000000,145,0,1,53:14.9,42.402040000000000,-71.117689999999996,2
-71.116899,42.392717,3829930,154081,Private room,United States,Somerville,"Willow Ave, Somervill",Willow Ave,5,5.000000000000000,1,1,1.000000000000000,110,0,1,49:55.2,42.392716999999998,-71.116899000000004,2
-71.107305,42.378651,6453129,10985875,Private room,United States,Somerville,Somerville,Beacon Street,5,5.000000000000000,2,1,1.000000000000000,65,0,1,03:36.6,42.378650999999998,-71.107304999999997,2
-71.099553,42.38342,2838157,7918311,Private room,United States,Somerville,"Quincy St, Somervill",Quincy St,5,3.000000000000000,2,1,1.000000000000000,99,0,2,16:31.3,42.383420000000001,-71.099553000000000,2
-71.101414,42.386392,6692868,33917688,Entire home/apt,United States,Somerville,Somerville,Oxford Street,5,5.000000000000000,4,2,1.000000000000000,135,0,2,49:17.6,42.386392000000001,-71.101414000000005,2
-71.105706,42.377383,106606,552432,Entire home/apt,United States,Somerville,Somerville,Caldwell Avenue,5,4.500000000000000,5,2,1.000000000000000,245,0,1,46:01.7,42.377383000000002,-71.105705999999998,2
-71.097613,42.395381,3128681,15889643,Entire home/apt,United States,Somerville,Somerville,Broadway,5,5.000000000000000,4,2,1.000000000000000,275,0,3,25:57.9,42.395381000000000,-71.097612999999996,2
-71.102478,42.374853,6552374,6522299,Private room,United States,Cambridge,Cambridge,Hampshire Street,4,5.000000000000000,2,1,1.000000000000000,60,0,1,51:00.1,42.374853000000002,-71.102478000000005,1
-71.102478,42.374853,6552374,6522299,Private room,United States,Cambridge,Cambridge,Hampshire Street,4,5.000000000000000,2,1,1.000000000000000,60,0,1,12:48.1,42.374853000000002,-71.102478000000005,2
-71.088391,42.386219,5847317,1283215,Private room,United States,Somerville,Somerville,R Rush Street,4,4.500000000000000,2,1,1.000000000000000,90,0,20,17:13.9,42.386218999999997,-71.088391000000001,2
-71.087765,42.393902,6637516,34740848,Private room,United States,Somerville,Back Bay,Wheatland St,4,5.000000000000000,2,1,1.000000000000000,70,0,2,47:21.6,42.393901999999997,-71.087765000000005,2
-71.105103,42.394197,5572128,16331603,Private room,United States,Somerville,Somerville,Henderson Street,4,4.500000000000000,2,1,1.000000000000000,75,0,1,43:24.2,42.394196999999998,-71.105103000000000,2
-71.098378,42.383314,6658337,34848629,Private room,United States,Somerville,Somerville,Vinal Avenue,4,5.000000000000000,2,1,1.000000000000000,95,0,2,42:15.9,42.383313999999999,-71.098377999999997,2
-71.089238,42.387986,5013242,25856308,Private room,United States,Somerville,Somerville,Melvin Street,4,4.500000000000000,2,1,1.000000000000000,110,0,1,05:49.8,42.387985999999998,-71.089237999999995,2
-71.085851,42.382906,6093004,19246369,Private room,United States,Somerville,Somerville,Franklin Street,4,4.500000000000000,1,1,1.000000000000000,49,0,2,56:07.2,42.382905999999998,-71.085851000000005,2
-71.085111,42.383039,3759239,19246369,Private room,United States,Somerville,Somerville,Franklin Street,4,3.500000000000000,1,1,1.000000000000000,49,0,2,59:04.3,42.383038999999997,-71.085110999999998,2
-71.118082,42.393154,3426208,1927550,Private room,United States,Cambridge,Somerville,Massachusetts Avenue,4,4.500000000000000,2,1,1.000000000000000,80,0,1,49:03.8,42.393154000000003,-71.118082000000001,2
-71.082638,42.384838,1016376,5593127,Private room,United States,Somerville,Somerville,Perkins Street,4,5.000000000000000,1,1,1.000000000000000,50,0,1,46:47.1,42.384838000000002,-71.082638000000003,2
-71.082008,42.384569,2373699,5593127,Private room,United States,Somerville,Somerville,Perkins Street,4,4.500000000000000,1,1,1.000000000000000,60,0,7,44:52.9,42.384568999999999,-71.082008000000002,2
-71.117023,42.387359,5813334,2216155,Private room,United States,Somerville,Somerville,Elm Street,4,5.000000000000000,2,1,1.000000000000000,130,0,2,15:40.7,42.387358999999996,-71.117023000000003,2
-71.105248,42.376428,3578005,10172310,Entire home/apt,United States,Cambridge,Cambridge,Leonard Avenue,4,4.500000000000000,5,2,1.000000000000000,300,0,3,37:11.3,42.376427999999997,-71.105248000000003,2
-71.103894,42.383184,6409286,33428190,Entire home/apt,United States,Somerville,Somerville,Laurel Street,4,4.500000000000000,4,2,1.000000000000000,159,0,3,15:50.7,42.383184000000000,-71.103893999999997,2
-71.115001,42.397422,6659951,34858349,Entire home/apt,United States,Somerville,Somerville,Appleton Street,4,4.500000000000000,4,2,1.000000000000000,133,0,1,05:44.9,42.397421999999999,-71.115001000000007,2
-71.104437,42.381258,2676702,13704439,Entire home/apt,United States,Somerville,Somerville,Dane Avenue,4,5.000000000000000,2,0,1.000000000000000,150,0,2,50:18.2,42.381258000000003,-71.104437000000004,2
-71.118581,42.396247,4103665,12159212,Entire home/apt,United States,Somerville,Somerville,Winslow Avenue,4,5.000000000000000,4,2,2.000000000000000,400,0,3,25:54.3,42.396247000000002,-71.118581000000006,2
-71.113886,42.389589,4595335,23151908,Entire home/apt,United States,Somerville,Somerville,Cedar Street,4,4.000000000000000,,2,1.000000000000000,195,0,1,41:59.2,42.389589000000001,-71.113885999999994,2
-71.099848,42.383796,3322702,16775662,Entire home/apt,United States,Somerville,Somerville,Church Street,4,4.500000000000000,4,2,2.000000000000000,296,0,1,30:02.9,42.383795999999997,-71.099847999999994,2
-71.105916,42.377853,5551671,1226736,Private room,United States,Somerville,Somerville,Calvin Street,3,5.000000000000000,1,1,1.000000000000000,79,0,3,44:27.6,42.377853000000002,-71.105915999999993,2
-71.098268,42.396064,4745588,24493483,Private room,United States,Somerville,Somerville,Moreland Street,3,4.000000000000000,2,1,1.000000000000000,42,0,1,30:16.6,42.396064000000003,-71.098268000000004,2
-71.09007,42.38267,5735835,9575352,Private room,United States,Somerville,Somerville,McGrath Highway,3,5.000000000000000,1,1,1.000000000000000,65,0,2,53:21.7,42.382669999999997,-71.090069999999997,2
-71.09919,42.381063,4137400,1000033,Private room,United States,Somerville,Somerville,R Carlton Street,3,4.000000000000000,2,1,2.000000000000000,65,0,3,20:19.5,42.381062999999997,-71.099189999999993,2
-71.099138,42.390348,5260777,20021765,Private room,United States,Somerville,"Sycamore St, Somervill",Sycamore St,3,3.500000000000000,1,1,1.000000000000000,90,0,1,19:10.9,42.390348000000003,-71.099137999999996,2
-71.11093,42.385961,4680929,2063272,Private room,United States,Somerville,Somerville,Ibbetson Street,3,5.000000000000000,3,1,0.000000000000000,110,0,1,39:23.9,42.385961000000002,-71.110929999999996,2
-71.127295,42.400675,3129067,8253129,Private room,United States,Somerville,Somerville,Holland Street,3,4.500000000000000,2,1,1.000000000000000,90,0,1,14:15.0,42.400675000000000,-71.127295000000004,2
-71.097353,42.381368,6391057,8351019,Private room,United States,Somerville,"Bow St, Somervill",Bow St,3,4.000000000000000,2,1,1.000000000000000,160,0,1,13:21.6,42.381368000000002,-71.097352999999998,2
-71.103195,42.383766,3338698,16853657,Entire home/apt,United States,Somerville,Somerville,Loring Street,3,5.000000000000000,3,2,1.000000000000000,120,0,1,17:21.2,42.383766000000001,-71.103194999999999,2
-71.10715,42.385962,5882862,9431097,Entire home/apt,United States,Somerville,Somerville,Monmouth Street,3,5.000000000000000,4,1,1.000000000000000,182,0,3,03:52.6,42.385961999999999,-71.107150000000004,2
-71.118532,42.391822,2628069,13460424,Entire home/apt,United States,Somerville,Somerville,Saint James Avenue,3,5.000000000000000,,4,2.500000000000000,300,0,2,23:36.7,42.391821999999998,-71.118532000000002,2
-71.101661,42.390585,1890534,9829509,Entire home/apt,United States,Somerville,Somerville,Central Street,3,4.500000000000000,4,2,1.500000000000000,200,0,1,00:52.0,42.390585000000002,-71.101660999999993,2
-71.12243,42.39904,2943227,3709200,Entire home/apt,United States,Somerville,"Corinthian Rd, Somervill",Corinthian Rd,3,5.000000000000000,,3,1.000000000000000,275,0,2,40:34.2,42.399039999999999,-71.122429999999994,2
-71.089129,42.385013,2172025,11080469,Entire home/apt,United States,Somerville,Somerville,Auburn Avenue,3,5.000000000000000,2,1,1.000000000000000,112,0,2,05:03.1,42.385013000000001,-71.089129000000000,2
-71.109848,42.397317,1180560,6457574,Entire home/apt,United States,Somerville,Somerville,Boston Avenue,3,4.500000000000000,4,2,2.000000000000000,165,0,5,28:12.3,42.397317000000001,-71.109848000000000,2
-71.083079,42.384128,4532629,15154687,Entire home/apt,United States,Somerville,Somerville,Myrtle Street,3,2.500000000000000,,5,1.500000000000000,500,0,2,10:08.9,42.384127999999997,-71.083078999999998,2
-71.105847,42.386717,5401294,27999014,Entire home/apt,United States,Somerville,Somerville,Westwood Road,3,5.000000000000000,,4,2.500000000000000,550,0,2,35:37.8,42.386716999999997,-71.105846999999997,2
-71.105747,42.392262,6101153,31658323,Entire home/apt,United States,Somerville,Somerville,Princeton Street,3,4.500000000000000,4,2,1.000000000000000,150,0,2,09:32.9,42.392262000000002,-71.105746999999994,2
-71.079582,42.384575,1442350,7744792,Entire home/apt,United States,Somerville,"Perkins St, Somervill",Perkins St,3,4.500000000000000,4,2,2.000000000000000,250,0,7,25:33.3,42.384574999999998,-71.079582000000002,2
-71.088718,42.374115,4700404,1458862,Private room,United States,Cambridge,Cambridge,Jefferson Street,2,4.500000000000000,1,1,1.000000000000000,45,0,2,35:45.9,42.374115000000003,-71.088718000000000,2
-71.113865,42.385367,5207149,18806481,Private room,United States,Somerville,Somerville,Beacon Street,2,5.000000000000000,1,1,1.000000000000000,37,0,3,45:05.8,42.385367000000002,-71.113865000000004,2
-71.089412,42.392656,6619264,28708625,Private room,United States,Somerville,Somerville,Wheatland Street,2,5.000000000000000,1,1,1.000000000000000,38,0,5,42:04.7,42.392656000000002,-71.089411999999996,2
-71.088297,42.393347,4602642,23701512,Private room,United States,Somerville,Somerville,Fellsway West,2,5.000000000000000,2,1,1.000000000000000,80,0,1,49:21.0,42.393346999999999,-71.088296999999997,2
-71.115948,42.395486,5236804,24490424,Private room,United States,Somerville,Somerville,Morrison Avenue,2,4.000000000000000,1,1,1.000000000000000,85,0,3,34:50.1,42.395485999999998,-71.115948000000003,2
-71.109183,42.396785,5005980,24840519,Private room,United States,Somerville,Somerville,Cedar Street,2,5.000000000000000,1,1,1.000000000000000,40,0,1,03:54.6,42.396785000000001,-71.109183000000002,2
-71.116187,42.402869,6187009,18102693,Private room,United States,Somerville,"College Ave, Somervill",College Ave,2,4.500000000000000,2,1,1.000000000000000,55,0,2,26:06.0,42.402869000000003,-71.116186999999996,2
-71.101109,42.383761,6390675,7918311,Private room,United States,Somerville,Somerville,Quincy Street,2,4.500000000000000,2,1,1.000000000000000,111,0,1,58:14.5,42.383761000000000,-71.101108999999994,2
-71.11277,42.391712,5668603,29387436,Private room,United States,Somerville,Somerville,Conwell Street,2,5.000000000000000,5,1,1.000000000000000,125,0,1,26:19.7,42.391711999999998,-71.112769999999998,2
-71.08017,42.384124,4874201,25064382,Private room,United States,Somerville,Somerville,Pearl Street,2,3.000000000000000,2,1,1.500000000000000,49,0,4,09:14.3,42.384124000000000,-71.080169999999995,2
-71.100547,42.375564,3334412,16835189,Private room,United States,Cambridge,Somerville,Hampshire Street,2,5.000000000000000,2,1,1.000000000000000,115,0,1,56:33.2,42.375563999999997,-71.100547000000006,2
-71.080702,42.385517,4815602,20309385,Private room,United States,Somerville,Somerville,Pinckney Street,2,4.000000000000000,1,1,1.000000000000000,40,0,9,01:18.4,42.385517000000000,-71.080702000000002,2
-71.111335,42.394282,6667505,34898809,Private room,United States,Somerville,Somerville,Pearson Avenue,2,5.000000000000000,2,1,1.000000000000000,99,0,1,20:05.7,42.394281999999997,-71.111334999999997,2
-71.118786,42.401374,4827854,21173173,Entire home/apt,United States,Somerville,Somerville,College Avenue,2,5.000000000000000,4,1,1.000000000000000,100,0,1,19:52.3,42.401373999999997,-71.118786000000000,2
-71.11236,42.395792,6587153,33656325,Entire home/apt,United States,Somerville,Somerville,Prichard Avenue,2,5.000000000000000,4,1,1.000000000000000,200,0,2,18:59.3,42.395792000000000,-71.112359999999995,2
-71.093657,42.383686,6535027,4504287,Entire home/apt,United States,Somerville,Somerville,Hamlet Street,2,5.000000000000000,5,2,2.500000000000000,250,0,2,58:22.4,42.383685999999997,-71.093656999999993,2
-71.092673,42.385261,3957232,18202957,Entire home/apt,United States,Somerville,"Medford Street, Somervill",Medford Street,2,4.000000000000000,4,2,1.000000000000000,200,0,1,15:58.8,42.385261000000000,-71.092673000000005,2
-71.119075,42.397059,1801871,2597622,Entire home/apt,United States,Somerville,Somerville,Grove Street,2,3.500000000000000,5,2,1.000000000000000,175,0,1,36:36.9,42.397058999999999,-71.119074999999995,2
-71.106199,42.378139,6589242,12243051,Entire home/apt,United States,Somerville,Somerville,Smith Avenue,2,4.500000000000000,4,2,1.000000000000000,180,0,,33:20.2,42.378138999999997,-71.106199000000004,2
-71.109299,42.381566,5754140,963134,Entire home/apt,United States,Cambridge,"Near Harvard, Cambridg",Near Harvard,2,5.000000000000000,4,2,1.000000000000000,200,0,1,19:37.7,42.381565999999999,-71.109298999999993,2
-71.113142,42.396772,2628480,13463052,Entire home/apt,United States,Somerville,Somerville,Rogers Avenue,2,5.000000000000000,,4,2.500000000000000,600,0,2,18:53.4,42.396771999999999,-71.113141999999996,2
-71.099884,42.393285,3739777,19118960,Entire home/apt,United States,Somerville,Somerville,Central Street,2,5.000000000000000,,3,2.500000000000000,450,0,2,12:08.4,42.393284999999999,-71.099884000000003,2
-71.12722,42.401226,3627183,9796517,Entire home/apt,United States,Somerville,Somerville,Newbury Street,2,4.500000000000000,4,2,1.000000000000000,139,0,6,58:47.1,42.401226000000001,-71.127219999999994,2
-71.092362,42.382826,3590031,3146675,Entire home/apt,United States,Somerville,Somerville,Greenville Street,2,5.000000000000000,,3,1.500000000000000,325,0,3,59:56.3,42.382826000000001,-71.092361999999994,2
-71.118175,42.400476,1761381,1171240,Entire home/apt,United States,Somerville,Somerville,Walker Street,2,4.500000000000000,4,2,2.500000000000000,199,0,1,41:39.8,42.400475999999998,-71.118174999999994,2
-71.103435,42.379677,4691457,22629843,Entire home/apt,United States,Somerville,Somerville,Washington Street,2,4.500000000000000,,3,2.000000000000000,190,0,3,34:52.6,42.379677000000001,-71.103435000000005,2
-71.08282,42.373571,6623663,34667148,Private room,United States,Cambridge,Cambridge,Winter Street,1,4.000000000000000,1,1,1.000000000000000,65,0,,10:57.2,42.373570999999998,-71.082819999999998,1
-71.08282,42.373571,6623663,34667148,Private room,United States,Cambridge,Cambridge,Winter Street,1,4.000000000000000,1,1,1.000000000000000,65,0,,01:55.0,42.373570999999998,-71.082819999999998,2
-71.085753,42.382033,5280970,19246369,Private room,United States,Somerville,Somerville,Franklin Avenue,1,1.000000000000000,1,1,1.000000000000000,49,0,2,55:38.5,42.382033000000000,-71.085752999999997,2
-71.113751,42.395114,6845060,35868199,Private room,United States,Somerville,"Morrison Avenue, Somervill",Morrison Avenue,1,5.000000000000000,1,1,1.000000000000000,85,0,1,06:26.8,42.395114000000000,-71.113750999999993,2
-71.082212,42.38603,5928806,4292091,Private room,United States,Somerville,Somerville,Perkins Street,1,1.000000000000000,2,1,1.000000000000000,60,0,7,53:02.1,42.386029999999998,-71.082211999999998,2
-71.116825,42.393536,3767223,19300122,Private room,United States,Somerville,Somerville,Highland Avenue,1,5.000000000000000,1,1,1.000000000000000,75,0,1,58:40.0,42.393535999999997,-71.116825000000006,2
-71.1325,42.404899,5532183,27112104,Private room,United States,Somerville,Somerville,Waterhouse Street,1,5.000000000000000,1,1,1.000000000000000,65,0,1,24:58.9,42.404899000000000,-71.132499999999993,2
-71.104439,42.389697,6736153,35277438,Private room,United States,Somerville,Somerville,Benton Road,1,5.000000000000000,2,1,1.000000000000000,70,0,1,27:56.9,42.389696999999998,-71.104438999999999,2
-71.097224,42.379282,6921153,789907,Private room,United States,Somerville,"Washington St, Somervill",Washington St,1,4.000000000000000,1,1,1.000000000000000,80,0,1,34:36.4,42.379282000000003,-71.097223999999997,2
-71.090945,42.380945,2913427,9575352,Private room,United States,Somerville,Somerville,McGrath Highway,1,5.000000000000000,1,1,1.000000000000000,65,0,2,02:48.7,42.380944999999997,-71.090945000000005,2
-71.102154,42.383223,6291547,8263404,Private room,United States,Somerville,Somerville,Preston Road,1,5.000000000000000,1,1,1.000000000000000,45,0,1,36:40.3,42.383223000000001,-71.102153999999999,2
-71.085812,42.383271,6812982,19246369,Private room,United States,Somerville,Somerville,Franklin Street,1,5.000000000000000,1,1,1.000000000000000,49,0,2,09:14.5,42.383271000000001,-71.085812000000004,2
-71.095075,42.380725,6525097,33527730,Private room,United States,Somerville,Somerville,Bonner Avenue,1,5.000000000000000,2,1,1.000000000000000,75,0,6,11:41.6,42.380724999999998,-71.095074999999994,2
-71.099931,42.389745,5975200,31019481,Private room,United States,Somerville,Somerville,Richdale Avenue,1,5.000000000000000,2,1,1.500000000000000,100,0,1,18:00.6,42.389744999999998,-71.099930999999998,2
-71.096575,42.374711,6773599,35461394,Private room,United States,Somerville,Somerville,Tremont Street,1,4.000000000000000,2,1,1.000000000000000,96,0,,25:06.6,42.374710999999998,-71.096575000000001,2
-71.118076,42.398636,3489165,7746771,Private room,United States,Somerville,"Hall Ave, Somervill",Hall Ave,1,5.000000000000000,1,1,1.000000000000000,110,0,2,32:36.3,42.398636000000003,-71.118076000000002,2
-71.111289,42.386652,4422473,2063272,Private room,United States,Somerville,Somerville,Ibbetson Street,1,5.000000000000000,3,1,2.000000000000000,75,0,1,24:43.9,42.386651999999998,-71.111288999999999,2
-71.116513,42.392438,1953506,1927550,Private room,United States,Somerville,Somerville,Charnwood Road,1,5.000000000000000,2,1,1.000000000000000,80,0,1,12:03.0,42.392437999999999,-71.116512999999998,2
-71.102285,42.383613,2720040,310689,Private room,United States,Somerville,Somerville,Preston Road,1,,1,1,1.000000000000000,60,0,3,08:58.7,42.383612999999997,-71.102284999999995,2
-71.107872,42.382688,6328209,32936673,Private room,United States,Somerville,Somerville,Central Street,1,5.000000000000000,1,1,1.000000000000000,60,0,4,28:22.1,42.382688000000002,-71.107872000000000,2
-71.133088,42.405553,4085324,17616426,Entire home/apt,United States,Somerville,Malden,Waterhouse St,1,5.000000000000000,4,2,1.000000000000000,70,0,7,02:10.7,42.405552999999998,-71.133088000000001,2
-71.125699,42.396966,6198796,5429803,Entire home/apt,United States,Somerville,Somerville,Howard Street,1,5.000000000000000,3,1,1.000000000000000,179,0,2,03:58.0,42.396965999999999,-71.125698999999997,2
-71.107556,42.385997,4164326,21613045,Entire home/apt,United States,Somerville,Somerville,Atherton Street,1,5.000000000000000,2,1,1.000000000000000,150,0,1,26:14.3,42.385997000000003,-71.107556000000002,2
-71.079194,42.385327,4580886,7744792,Entire home/apt,United States,Somerville,Somerville,Perkins Street,1,5.000000000000000,2,1,1.000000000000000,180,0,7,44:16.5,42.385326999999997,-71.079194000000001,2
-71.091959,42.380948,6437343,27896075,Entire home/apt,United States,Somerville,Somerville,Boston Street,1,5.000000000000000,4,2,1.000000000000000,179,0,,23:39.8,42.380947999999997,-71.091959000000003,2
-71.097478,42.384445,655805,3302009,Entire home/apt,United States,Somerville,Somerville,Putnam St,1,4.500000000000000,4,1,1.000000000000000,150,0,5,27:53.0,42.384444999999999,-71.097477999999995,2
-71.102011,42.377578,4308825,2361362,Entire home/apt,United States,Somerville,Somerville,Rose Street,1,5.000000000000000,2,2,1.000000000000000,150,0,,34:37.9,42.377578000000000,-71.102011000000005,2
-71.103007,42.379625,3276756,13704439,Entire home/apt,United States,Somerville,Somerville,Dane Avenue,1,5.000000000000000,4,2,1.500000000000000,250,0,6,06:57.4,42.379624999999997,-71.103007000000005,2
-71.113687,42.385696,6376103,33229824,Entire home/apt,United States,Somerville,Somerville,Evergreen Square,1,5.000000000000000,3,1,1.000000000000000,175,0,2,15:28.0,42.385696000000003,-71.113686999999999,2
-71.080551,42.383807,1442356,7744792,Entire home/apt,United States,Somerville,Somerville,Perkins Street,1,5.000000000000000,2,1,1.000000000000000,175,0,7,06:19.2,42.383806999999997,-71.080551000000000,2
-71.122463,42.403012,5522016,20517263,Entire home/apt,United States,Somerville,Somerville,Powder House Boulevard,1,5.000000000000000,4,2,1.000000000000000,180,0,2,38:53.8,42.403011999999997,-71.122462999999996,2
-71.090734,42.386601,4686866,10796266,Entire home/apt,United States,Somerville,Somerville,Aldrich Street,1,3.000000000000000,,2,1.500000000000000,292,0,3,21:13.9,42.386600999999999,-71.090733999999998,2
-71.101239,42.392918,6603470,20941415,Entire home/apt,United States,Somerville,Somerville,Adams Street,1,5.000000000000000,2,1,1.000000000000000,120,0,1,21:32.8,42.392918000000002,-71.101239000000007,2
-71.101139,42.388481,4538715,21647970,Entire home/apt,United States,Somerville,Somerville,Oxford Street,1,4.000000000000000,,3,2.000000000000000,299,0,2,53:13.9,42.388480999999999,-71.101139000000003,2
-71.124249,42.403,6940620,23567807,Private room,United States,Somerville,"Packard Ave, Somervill",Packard Ave,0,,3,1,2.000000000000000,39,0,3,35:44.3,42.402999999999999,-71.124249000000006,2
-71.114102,42.398348,6924390,13887926,Private room,United States,Somerville,Somerville,Willow Avenue,0,,2,1,1.000000000000000,66,0,1,00:46.8,42.398347999999999,-71.114102000000003,2
-71.09438,42.383142,7073881,2419876,Private room,United States,Somerville,"Hamlet St, Somervill",Hamlet St,0,,2,1,1.000000000000000,90,0,1,03:34.7,42.383141999999999,-71.094380000000001,2
-71.117133,42.390391,6991632,81765,Private room,United States,Somerville,Somerville,Elm Street,0,,2,1,1.000000000000000,89,0,1,25:23.1,42.390391000000001,-71.117132999999995,2
-71.096642,42.378017,3874934,17560748,Private room,United States,Somerville,Somerville,Newton Street,0,,2,1,1.000000000000000,59,0,2,10:29.8,42.378017000000000,-71.096642000000003,2
-71.126991,42.400938,3146366,2278163,Private room,United States,Somerville,Somerville,Moore Street,0,,1,1,1.000000000000000,100,0,2,47:32.3,42.400937999999996,-71.126991000000004,2
-71.098627,42.394317,6698552,1333101,Private room,United States,Somerville,Somerville,Central Street,0,,2,1,1.000000000000000,75,0,7,03:13.2,42.394317000000001,-71.098626999999993,2
-71.103489,42.377355,6639647,11306334,Private room,United States,Somerville,Somerville,Dimick Street,0,,1,1,1.000000000000000,95,0,2,50:37.8,42.377355000000001,-71.103488999999996,2
-71.103794,42.394414,6325644,32918304,Private room,United States,Somerville,Somerville,Glenwood Road,0,,2,1,1.000000000000000,159,0,1,49:37.3,42.394413999999998,-71.103793999999994,2
-71.102726,42.387986,6490084,33917688,Private room,United States,Somerville,Somerville,Oxford Street,0,,2,1,1.000000000000000,145,0,1,50:30.3,42.387985999999998,-71.102726000000004,2
-71.090772,42.388049,6902053,25856308,Private room,United States,Somerville,"Melvin St, Somervill",Melvin St,0,,1,1,1.000000000000000,59,0,7,15:23.0,42.388049000000002,-71.090772000000001,2
-71.123332,42.398609,6287150,5220291,Private room,United States,Somerville,Somerville,Chandler Street,0,,1,1,1.000000000000000,70,0,10,52:08.1,42.398609000000000,-71.123332000000005,2
-71.091452,42.378766,6643820,31378966,Private room,United States,Somerville,Somerville,Rossmore Street,0,,2,1,1.000000000000000,119,0,4,55:26.9,42.378765999999999,-71.091452000000004,2
-71.107605,42.384466,6313128,1534908,Private room,United States,Somerville,Somerville,Central Street,0,,1,1,1.000000000000000,75,0,1,12:22.2,42.384466000000003,-71.107605000000007,2
-71.089902,42.380144,6598222,34518059,Private room,United States,Somerville,Somerville,Mansfield Street,0,,1,1,1.000000000000000,50,0,1,37:57.8,42.380144000000001,-71.089901999999995,2
-71.0857,42.383783,6813061,19246369,Private room,United States,Somerville,Somerville,Franklin Avenue,0,,2,1,1.000000000000000,49,0,2,27:07.2,42.383783000000001,-71.085700000000003,2
-71.119659,42.401485,6925701,2543298,Private room,United States,Somerville,Somerville,Broadway,0,,2,1,1.000000000000000,100,0,1,10:39.3,42.401485000000001,-71.119658999999999,2
-71.097156,42.395946,6956132,36470588,Private room,United States,Somerville,Somerville,Edgar Avenue,0,,2,1,1.000000000000000,120,0,1,26:49.0,42.395946000000002,-71.097155999999998,2
-71.118027,42.399981,6656850,10088581,Private room,United States,Somerville,Somerville,Kidder Avenue,0,,2,1,2.000000000000000,100,0,2,35:42.7,42.399980999999997,-71.118026999999998,2
-71.108682,42.394636,6902540,9490988,Private room,United States,Somerville,Somerville,Murdock Street,0,,1,1,1.000000000000000,75,0,1,36:25.9,42.394635999999998,-71.108682000000002,2
-71.118345,42.400557,2864079,4695018,Private room,United States,Somerville,Somerville,Kenwood Street,0,,2,1,1.000000000000000,58,0,2,07:25.1,42.400556999999999,-71.118345000000005,2
-71.128034,42.408287,5973541,23058,Private room,United States,Somerville,Somerville,Raymond Avenue,0,,1,1,1.500000000000000,115,0,2,29:24.9,42.408287000000001,-71.128034000000000,2
-71.082302,42.384722,6502550,4292091,Private room,United States,Somerville,Somerville,Perkins Street,0,,2,1,1.000000000000000,60,0,7,02:19.3,42.384721999999996,-71.082301999999999,2
-71.100631,42.388675,6586465,34451112,Private room,United States,Somerville,Somerville,Highland Avenue,0,,1,1,1.000000000000000,70,0,1,07:53.8,42.388674999999999,-71.100631000000007,2
-71.112396,42.386166,5405105,2063272,Private room,United States,Somerville,Somerville,Ibbetson Street,0,,5,1,2.000000000000000,150,0,2,05:25.8,42.386166000000003,-71.112396000000004,2
-71.088551,42.391991,6861079,34740848,Private room,United States,Somerville,Somerville,Wheatland Street,0,,2,1,1.000000000000000,60,0,3,52:22.0,42.391990999999997,-71.088550999999995,2
-71.122403,42.393903,4497728,7760978,Private room,United States,Somerville,Somerville,Chester Street,0,,2,1,1.000000000000000,500,0,1,38:24.9,42.393903000000002,-71.122403000000006,2
-71.12277,42.394521,6818892,9544404,Private room,United States,Somerville,Somerville,Chester Street,0,,1,1,1.500000000000000,55,0,,34:58.2,42.394520999999997,-71.122770000000003,2
-71.097525,42.385294,4653631,5546940,Private room,United States,Somerville,Somerville,Summit Avenue,0,,2,1,1.000000000000000,69,0,2,09:43.5,42.385294000000002,-71.097525000000005,2
-71.118057,42.392817,3720154,154081,Private room,United States,Somerville,Somerville,Willow Avenue,0,,1,1,1.000000000000000,100,0,1,35:40.9,42.392817000000001,-71.118056999999993,2
-71.118544,42.391901,6273110,14374478,Private room,United States,Somerville,Somerville,Willow Avenue,0,,2,1,1.000000000000000,50,0,6,42:41.2,42.391900999999997,-71.118544000000000,2
-71.088611,42.383443,6822897,35734299,Private room,United States,Somerville,Somerville,Flint Street,0,,2,1,1.000000000000000,75,0,1,33:09.0,42.383443000000000,-71.088611000000000,2
-71.112524,42.384587,7073285,22866003,Private room,United States,Somerville,Somerville,Ibbetson Street,0,,2,1,2.000000000000000,78,0,1,04:23.7,42.384587000000003,-71.112523999999993,2
-71.1179,42.396657,6623506,6659594,Private room,United States,Somerville,"Morrison Ave, Somervill",Morrison Ave,0,,2,1,0.000000000000000,60,0,3,27:24.7,42.396656999999998,-71.117900000000006,2
-71.087922,42.392152,6901718,34740848,Private room,United States,Somerville,Somerville,Wheatland Street,0,,2,1,1.000000000000000,80,0,2,49:33.8,42.392152000000003,-71.087922000000006,2
-71.124468,42.394132,6869391,20574923,Entire home/apt,United States,Somerville,Cambridge,Day Street,0,,2,0,1.000000000000000,100,0,1,50:37.4,42.394131999999999,-71.124467999999993,2
-71.115245,42.385657,6465040,12243051,Entire home/apt,United States,Cambridge,Cambridge,Oxford Street,0,,3,1,1.000000000000000,280,0,,23:09.3,42.385657000000002,-71.115245000000002,2
-71.123198,42.39522,662389,197597,Entire home/apt,United States,Somerville,Davis Square,Day St,0,,3,1,1.000000000000000,95,0,1,08:25.9,42.395220000000002,-71.123198000000002,2
-71.094152,42.380921,178131,852373,Entire home/apt,United States,Somerville,Union Square,Columbus Ave,0,,,4,2.000000000000000,220,0,2,36:36.7,42.380921000000001,-71.094151999999994,2
-71.101386,42.380485,7009494,5938188,Entire home/apt,United States,Somerville,Somerville,Somerville Avenue,0,,5,3,2.000000000000000,200,0,3,30:28.6,42.380485000000000,-71.101386000000005,2
-71.111957,42.387439,7035359,1536955,Entire home/apt,United States,Somerville,Somerville,Elm Street,0,,2,1,1.000000000000000,100,0,2,55:04.3,42.387439000000001,-71.111957000000004,2
-71.080121,42.385601,7033472,26482062,Entire home/apt,United States,Somerville,Somerville,Pinckney Street,0,,3,2,2.000000000000000,150,0,1,09:34.2,42.385601000000001,-71.080121000000005,2
-71.127229,42.398184,5786029,3850317,Entire home/apt,United States,Somerville,Somerville,Tannery Brook Row,0,,2,1,1.000000000000000,200,0,1,20:00.3,42.398184000000001,-71.127229000000000,2
-71.114472,42.390335,2844953,268403,Entire home/apt,United States,Somerville,Somerville,Linden Place,0,,4,2,1.500000000000000,150,0,4,49:10.7,42.390335000000000,-71.114472000000006,2
-71.09889,42.378052,6327665,5379124,Entire home/apt,United States,Somerville,Somerville,Washington Street,0,,5,2,1.000000000000000,295,0,3,43:16.0,42.378051999999997,-71.098889999999997,2
-71.100385,42.383137,6665382,7259289,Entire home/apt,United States,Somerville,Somerville,School Street,0,,4,2,1.000000000000000,150,0,7,05:51.8,42.383136999999998,-71.100385000000003,2
-71.129063,42.404665,4479190,23241208,Entire home/apt,United States,Somerville,Somerville,Broadway,0,,2,2,2.000000000000000,200,0,1,37:45.8,42.404665000000001,-71.129063000000002,2
-71.122527,42.392891,6451402,19661823,Entire home/apt,United States,Somerville,Somerville,Russell Street,0,,2,1,1.000000000000000,170,0,1,14:40.7,42.392890999999999,-71.122527000000005,2
-71.124723,42.398781,6625419,34677287,Entire home/apt,United States,Somerville,Somerville,Simpson Avenue,0,,4,2,1.000000000000000,200,0,7,46:42.6,42.398781000000000,-71.124723000000003,2
-71.100208,42.375529,6711957,24549458,Entire home/apt,United States,Somerville,Somerville,Oak Street,0,,2,1,1.000000000000000,115,0,3,45:49.4,42.375529000000000,-71.100207999999995,2
-71.106447,42.385205,4053421,16500437,Entire home/apt,United States,Somerville,Somerville,Summer Street,0,,2,1,1.000000000000000,100,0,2,56:16.6,42.385204999999999,-71.106447000000003,2
-71.115216,42.390852,6992468,32447473,Entire home/apt,United States,Somerville,Somerville,Cedar Street,0,,,3,2.500000000000000,375,0,1,46:49.5,42.390852000000002,-71.115216000000004,2
-71.101386,42.37737,6553647,11986725,Entire home/apt,United States,Somerville,Somerville,Lewis Street,0,,4,2,1.000000000000000,300,0,5,51:33.1,42.377369999999999,-71.101386000000005,2
-71.093463,42.381077,6425397,33527730,Entire home/apt,United States,Somerville,Somerville,Bonner Avenue,0,,3,2,1.000000000000000,116,0,5,17:34.8,42.381076999999998,-71.093463000000000,2
-71.112459,42.389122,5726800,29691625,Entire home/apt,United States,Somerville,Somerville,Carver Street,0,,,4,4.000000000000000,304,0,14,30:55.5,42.389122000000000,-71.112459000000001,2
-71.124932,42.395009,6653414,5983542,Entire home/apt,United States,Somerville,Somerville,Dover Street,0,,3,1,1.000000000000000,144,0,4,40:24.9,42.395009000000002,-71.124932000000001,2
-71.120793,42.400107,2969827,2543298,Entire home/apt,United States,Somerville,Somerville,Broadway,0,,4,1,1.000000000000000,200,0,1,14:02.7,42.400106999999998,-71.120793000000006,2
-71.123306,42.39946,4204545,13613498,Entire home/apt,United States,Somerville,Somerville,Thorndike Street,0,,,3,2.000000000000000,250,0,2,53:05.9,42.399459999999998,-71.123305999999999,2
-71.104285,42.389043,3799621,19515325,Entire home/apt,United States,Somerville,Somerville,Hudson Street,0,,2,1,1.000000000000000,170,0,1,07:36.8,42.389043000000001,-71.104285000000004,2
-71.105863,42.390805,6076552,19778177,Entire home/apt,United States,Somerville,Somerville,Albion Street,0,,4,2,1.500000000000000,140,0,1,09:10.9,42.390805000000000,-71.105862999999999,2
-71.093756,42.381896,6413938,13216392,Entire home/apt,United States,Somerville,Somerville,Boston Street,0,,3,2,1.000000000000000,120,0,1,00:53.4,42.381895999999998,-71.093755999999999,2
-71.09994,42.375073,6659318,34854827,Entire home/apt,United States,Somerville,Somerville,Springfield Street,0,,5,3,2.000000000000000,225,0,4,41:20.0,42.375073000000000,-71.099940000000004,2
-71.082897,42.382678,5709047,15154687,Entire home/apt,United States,Somerville,Somerville,Myrtle Street,0,,,5,2.000000000000000,500,0,2,24:17.6,42.382677999999999,-71.082897000000003,2
-71.07892,42.384483,4580619,7744792,Entire home/apt,United States,Somerville,Somerville,Perkins Street,0,,2,1,1.000000000000000,175,0,7,38:25.8,42.384483000000003,-71.078919999999997,2
-71.08097,42.383827,5136127,7744792,Entire home/apt,United States,Somerville,Somerville,Perkins Street,0,,2,0,1.000000000000000,175,0,7,10:11.2,42.383826999999997,-71.080969999999994,2
-71.116658,42.389173,3940193,23292,Entire home/apt,United States,Somerville,"Acadia Park, Somervill",Acadia Park,0,,3,1,1.000000000000000,200,0,10,19:19.5,42.389173000000000,-71.116658000000001,2
-71.122657,42.393161,910049,25188,Entire home/apt,United States,Somerville,Somerville,Russell Street,0,,2,,1.000000000000000,149,0,7,10:43.5,42.393160999999999,-71.122657000000004,2
-71.10822,42.384723,6716735,35168518,Entire home/apt,United States,Somerville,Somerville,Cypress Street,0,,5,3,1.000000000000000,160,0,1,43:49.6,42.384723000000001,-71.108220000000003,2
-71.091519,42.390814,7003876,3116404,Entire home/apt,United States,Somerville,Somerville,Sargent Avenue,0,,,2,1.000000000000000,199,0,3,13:35.3,42.390813999999999,-71.091519000000005,2
-71.101771,42.382223,7005588,7918311,Entire home/apt,United States,Somerville,"Quincy St, Somervill",Quincy St,0,,,3,1.000000000000000,290,0,21,43:27.2,42.382223000000003,-71.101770999999999,2
-71.091885,42.389049,5499467,6201171,Entire home/apt,United States,Somerville,Somerville,Walnut Street,0,,4,2,1.000000000000000,150,0,3,48:56.2,42.389049000000000,-71.091885000000005,2
-71.100526,42.381991,6761164,16775662,Entire home/apt,United States,Somerville,Somerville,Church Street,0,,2,1,1.000000000000000,175,0,1,18:34.9,42.381990999999999,-71.100526000000002,2
-71.100028,42.38659,5838276,28349591,Entire home/apt,United States,Somerville,Somerville,Robinson Street,0,,4,3,1.000000000000000,225,0,3,06:55.0,42.386589999999998,-71.100027999999995,2
-71.102887,42.393489,6676551,387687,Entire home/apt,United States,Somerville,Somerville,Vernon Street,0,,4,2,2.500000000000000,300,0,1,12:06.3,42.393489000000002,-71.102886999999996,2
-71.126872,42.400092,6901025,12025646,Entire home/apt,United States,Somerville,Somerville,Gorham Street,0,,2,0,1.000000000000000,150,0,1,25:04.4,42.400092000000001,-71.126872000000006,2
-71.122342,42.393756,5862587,27211859,Entire home/apt,United States,Somerville,Somerville,Milton Street,0,,3,2,1.000000000000000,150,0,3,57:31.8,42.393756000000003,-71.122342000000003,2
